preds	OR	low.ci	hi.ci
(Intercept)	0	0	0
year	1.59544554077368	1.53033551175356	1.66332575701512
log(SJR)	2.99469640051349	2.66509655169574	3.36505877265205
