preds	OR	low.ci	hi.ci
(Intercept)	0	0	1.11253692925763e-308
year	1.49109568421643	1.43734175061535	1.54685991590866
log(SJR)	2.68959688895496	2.41184033499418	2.99934092655999
