preds	OR	low.ci	hi.ci
(Intercept)	0	0	8.61575474145081e-308
year	1.47733700185972	1.41736057899455	1.53985136133255
log(SJR)	2.88500068600026	2.5508147862373	3.2629687592879
